{"data_time": 0.026221466425340623, "eta_seconds": 225633.31440445385, "fast_rcnn/cls_accuracy": 0.7672119140625, "fast_rcnn/false_negative": 0.3186425685414622, "fast_rcnn/fg_cls_accuracy": 0.1513671875, "iteration": 19, "loss_box_reg": 0.6306742429733276, "loss_cls": 0.6837511956691742, "loss_rpn_cls": 0.023593731224536896, "loss_rpn_loc": 0.04167448170483112, "lr": 0.0003996199999999999, "roi_head/num_bg_samples": 384.0, "roi_head/num_fg_samples": 128.0, "rpn/num_neg_anchors": 221.1875, "rpn/num_pos_anchors": 34.8125, "time": 0.8357408489682712, "total_loss": 1.3951112730428576}
{"data_time": 0.026761549001093954, "eta_seconds": 225721.207212687, "fast_rcnn/cls_accuracy": 0.9166259765625, "fast_rcnn/false_negative": 0.1767578125, "fast_rcnn/fg_cls_accuracy": 0.818359375, "iteration": 39, "loss_box_reg": 0.4600279927253723, "loss_cls": 0.19438044726848602, "loss_rpn_cls": 0.016756060533225536, "loss_rpn_loc": 0.030689162202179432, "lr": 0.0007992199999999999, "roi_head/num_bg_samples": 384.0, "roi_head/num_fg_samples": 128.0, "rpn/num_neg_anchors": 220.6875, "rpn/num_pos_anchors": 35.3125, "time": 0.8374359150184318, "total_loss": 0.6989715532399714}
{"data_time": 0.02797711198218167, "eta_seconds": 225933.55788263376, "fast_rcnn/cls_accuracy": 0.9354248046875, "fast_rcnn/false_negative": 0.11767578125, "fast_rcnn/fg_cls_accuracy": 0.88232421875, "iteration": 59, "loss_box_reg": 0.36213862895965576, "loss_cls": 0.14874432981014252, "loss_rpn_cls": 0.007346621481701732, "loss_rpn_loc": 0.027104219421744347, "lr": 0.00119882, "roi_head/num_bg_samples": 384.0, "roi_head/num_fg_samples": 128.0, "rpn/num_neg_anchors": 221.3125, "rpn/num_pos_anchors": 34.6875, "time": 0.8369769499986432, "total_loss": 0.5363757645245641}
{"data_time": 0.026433338993228972, "eta_seconds": 225667.61173769832, "fast_rcnn/cls_accuracy": 0.949462890625, "fast_rcnn/false_negative": 0.1083984375, "fast_rcnn/fg_cls_accuracy": 0.8916015625, "iteration": 79, "loss_box_reg": 0.3020024448633194, "loss_cls": 0.12354246154427528, "loss_rpn_cls": 0.004555818159133196, "loss_rpn_loc": 0.0250839926302433, "lr": 0.0015984200000000001, "roi_head/num_bg_samples": 384.0, "roi_head/num_fg_samples": 128.0, "rpn/num_neg_anchors": 219.9375, "rpn/num_pos_anchors": 36.0625, "time": 0.8335424090037122, "total_loss": 0.4520117862848565}
{"data_time": 0.02158521203091368, "eta_seconds": 225053.8339336461, "fast_rcnn/cls_accuracy": 0.9544677734375, "fast_rcnn/false_negative": 0.08935546875, "fast_rcnn/fg_cls_accuracy": 0.91064453125, "iteration": 99, "loss_box_reg": 0.25633054971694946, "loss_cls": 0.11064094305038452, "loss_rpn_cls": 0.0038321124156937003, "loss_rpn_loc": 0.02165566384792328, "lr": 0.0019980199999999997, "roi_head/num_bg_samples": 384.0, "roi_head/num_fg_samples": 128.0, "rpn/num_neg_anchors": 220.9375, "rpn/num_pos_anchors": 35.0625, "time": 0.8269434265093878, "total_loss": 0.39517220470588654}
{"data_time": 0.026296222989913076, "eta_seconds": 225088.36007497972, "fast_rcnn/cls_accuracy": 0.9635009765625, "fast_rcnn/false_negative": 0.07568359375, "fast_rcnn/fg_cls_accuracy": 0.92431640625, "iteration": 119, "loss_box_reg": 0.22277947515249252, "loss_cls": 0.09607476368546486, "loss_rpn_cls": 0.002872658777050674, "loss_rpn_loc": 0.016880604438483715, "lr": 0.00239762, "roi_head/num_bg_samples": 384.0, "roi_head/num_fg_samples": 128.0, "rpn/num_neg_anchors": 221.875, "rpn/num_pos_anchors": 34.125, "time": 0.8346027449588291, "total_loss": 0.34362895460799336}
{"data_time": 0.02212797896936536, "eta_seconds": 224939.75449374178, "fast_rcnn/cls_accuracy": 0.9642333984375, "fast_rcnn/false_negative": 0.0732421875, "fast_rcnn/fg_cls_accuracy": 0.9267578125, "iteration": 139, "loss_box_reg": 0.207761749625206, "loss_cls": 0.0910937488079071, "loss_rpn_cls": 0.003286675550043583, "loss_rpn_loc": 0.017402361147105694, "lr": 0.0027972200000000004, "roi_head/num_bg_samples": 384.0, "roi_head/num_fg_samples": 128.0, "rpn/num_neg_anchors": 220.625, "rpn/num_pos_anchors": 35.375, "time": 0.8294743564911187, "total_loss": 0.32249100832268596}
{"data_time": 0.02435060852440074, "eta_seconds": 224773.56312640943, "fast_rcnn/cls_accuracy": 0.96923828125, "fast_rcnn/false_negative": 0.06640625, "fast_rcnn/fg_cls_accuracy": 0.93359375, "iteration": 159, "loss_box_reg": 0.18977179378271103, "loss_cls": 0.08012054488062859, "loss_rpn_cls": 0.0018948710057884455, "loss_rpn_loc": 0.01528810616582632, "lr": 0.0031968200000000004, "roi_head/num_bg_samples": 384.0, "roi_head/num_fg_samples": 128.0, "rpn/num_neg_anchors": 221.375, "rpn/num_pos_anchors": 34.625, "time": 0.8293702564551495, "total_loss": 0.28472284763120115}
{"data_time": 0.023213055508676916, "eta_seconds": 224536.27936827368, "fast_rcnn/cls_accuracy": 0.968017578125, "fast_rcnn/false_negative": 0.068359375, "fast_rcnn/fg_cls_accuracy": 0.931640625, "iteration": 179, "loss_box_reg": 0.18997448682785034, "loss_cls": 0.08077061548829079, "loss_rpn_cls": 0.0026700617745518684, "loss_rpn_loc": 0.0158474650233984, "lr": 0.0035964199999999995, "roi_head/num_bg_samples": 384.0, "roi_head/num_fg_samples": 128.0, "rpn/num_neg_anchors": 220.6875, "rpn/num_pos_anchors": 35.3125, "time": 0.8271483185235411, "total_loss": 0.28766248616739176}
{"data_time": 0.023938198573887348, "eta_seconds": 224519.63595567504, "fast_rcnn/cls_accuracy": 0.970703125, "fast_rcnn/false_negative": 0.06298828125, "fast_rcnn/fg_cls_accuracy": 0.93701171875, "iteration": 199, "loss_box_reg": 0.17609933018684387, "loss_cls": 0.07828888669610023, "loss_rpn_cls": 0.002005656948313117, "loss_rpn_loc": 0.015444970689713955, "lr": 0.003996019999999999, "roi_head/num_bg_samples": 384.0, "roi_head/num_fg_samples": 128.0, "rpn/num_neg_anchors": 220.75, "rpn/num_pos_anchors": 35.25, "time": 0.8316490874858573, "total_loss": 0.27285418106475845}
{"data_time": 0.0276516595040448, "eta_seconds": 224502.9925430764, "fast_rcnn/cls_accuracy": 0.974365234375, "fast_rcnn/false_negative": 0.05224609375, "fast_rcnn/fg_cls_accuracy": 0.94775390625, "iteration": 219, "loss_box_reg": 0.17208603769540787, "loss_cls": 0.07279478386044502, "loss_rpn_cls": 0.0022674751235172153, "loss_rpn_loc": 0.01466306857764721, "lr": 0.004395619999999999, "roi_head/num_bg_samples": 384.0, "roi_head/num_fg_samples": 128.0, "rpn/num_neg_anchors": 220.9375, "rpn/num_pos_anchors": 35.0625, "time": 0.8318744255229831, "total_loss": 0.2629481883486733}
{"data_time": 0.025456051982473582, "eta_seconds": 224267.67374429852, "fast_rcnn/cls_accuracy": 0.972900390625, "fast_rcnn/false_negative": 0.0537109375, "fast_rcnn/fg_cls_accuracy": 0.9462890625, "iteration": 239, "loss_box_reg": 0.17197276651859283, "loss_cls": 0.07269113510847092, "loss_rpn_cls": 0.001429324271157384, "loss_rpn_loc": 0.014130561146885157, "lr": 0.00479522, "roi_head/num_bg_samples": 384.0, "roi_head/num_fg_samples": 128.0, "rpn/num_neg_anchors": 220.375, "rpn/num_pos_anchors": 35.625, "time": 0.8291823565377854, "total_loss": 0.26575196854537353}
{"data_time": 0.02842364803655073, "eta_seconds": 224469.70571787911, "fast_rcnn/cls_accuracy": 0.9739990234375, "fast_rcnn/false_negative": 0.05517578125, "fast_rcnn/fg_cls_accuracy": 0.94482421875, "iteration": 259, "loss_box_reg": 0.1613110601902008, "loss_cls": 0.07008159533143044, "loss_rpn_cls": 0.0013114393805153668, "loss_rpn_loc": 0.013434366323053837, "lr": 0.00519482, "roi_head/num_bg_samples": 384.0, "roi_head/num_fg_samples": 128.0, "rpn/num_neg_anchors": 220.75, "rpn/num_pos_anchors": 35.25, "time": 0.8337805909686722, "total_loss": 0.24673605972202495}
{"data_time": 0.02887349046068266, "eta_seconds": 224526.43775654724, "fast_rcnn/cls_accuracy": 0.9752197265625, "fast_rcnn/false_negative": 0.0517578125, "fast_rcnn/fg_cls_accuracy": 0.9482421875, "iteration": 279, "loss_box_reg": 0.15145593881607056, "loss_cls": 0.06579193472862244, "loss_rpn_cls": 0.0012951705721206963, "loss_rpn_loc": 0.013477751053869724, "lr": 0.005594420000000001, "roi_head/num_bg_samples": 384.0,