block_size,search_window_size,estimation_type,error_function,OF_MSEN,OF_PEPN,time
8,8,forward,mse,10.248608332893028,69.49103805233393,17.696252584457397
8,8,forward,mae,13.721687054776462,96.79478577590338,16.81656050682068
8,8,backward,mse,10.078529216979868,64.19150771590147,21.811674118041992
8,8,backward,mae,11.787629006990295,74.24710054634333,18.5576012134552
8,16,forward,mse,10.540278310016367,69.2907121633279,43.588034868240356
8,16,forward,mae,15.68794101571167,97.68235406882009,40.54429912567139
8,16,backward,mse,9.202842473428662,58.73286686475606,46.24787092208862
8,16,backward,mae,12.263227036325645,74.18192274513562,47.657686948776245
