{"X_c10gt": {"mean": 914.890625, "std": 218.67539461890854}, "Y_c10gt": {"mean": 313.69181034482756, "std": 195.6722573354907}, "X_c11gt": {"mean": 1337.3743047830924, "std": 455.50091953558496}, "Y_c11gt": {"mean": 1031.182424916574, "std": 172.82747204768907}, "X_c12gt": {"mean": 1467.921568627451, "std": 490.5320400880468}, "Y_c12gt": {"mean": 867.6830065359477, "std": 294.09276863386896}, "X_c13gt": {"mean": 1113.5498007968129, "std": 389.03731065245466}, "Y_c13gt": {"mean": 865.4515272244356, "std": 134.574641718562}, "X_c14gt": {"mean": 1067.5753205128206, "std": 154.544272666063}, "Y_c14gt": {"mean": 286.0823317307692, "std": 195.44452497972904}, "X_c15gt": {"mean": 1243.3529411764705, "std": 203.53086019494293}, "Y_c15gt": {"mean": 771.8823529411765, "std": 74.32596703786693}}