{"X_c10gt": {"mean": 914.890625, "std": 218.7048637106964}, "Y_c10gt": {"mean": 313.69181034482756, "std": 195.6986264828829}, "X_c11gt": {"mean": 1337.3743047830924, "std": 455.6277117216275}, "Y_c11gt": {"mean": 1031.182424916574, "std": 172.87557990444483}, "X_c12gt": {"mean": 1467.921568627451, "std": 491.33817381198014}, "Y_c12gt": {"mean": 867.6830065359477, "std": 294.5760767144546}, "X_c13gt": {"mean": 1113.5498007968129, "std": 389.1666233735437}, "Y_c13gt": {"mean": 865.4515272244356, "std": 134.6193731945251}, "X_c14gt": {"mean": 1067.5753205128206, "std": 154.55975728838192}, "Y_c14gt": {"mean": 286.0823317307692, "std": 195.46410761842148}, "X_c15gt": {"mean": 1243.3529411764705, "std": 206.6865655940386}, "Y_c15gt": {"mean": 771.8823529411765, "std": 75.47837633466717}}